{"stats":{"minecraft:picked_up":{"minecraft:iron_leggings":1,"adventurez:ivory_arrow":1,"minecraft:chainmail_helmet":1,"minecraft:iron_pickaxe":1,"minecraft:apple":4,"minecraft:iron_sword":3,"minecraft:iron_boots":1,"minecraft:filled_map":1},"minecraft:custom":{"minecraft:jump":100,"minecraft:open_chest":9,"minecraft:time_since_rest":5427,"minecraft:crouch_one_cm":24,"minecraft:leave_game":5,"minecraft:play_time":5427,"minecraft:sprint_one_cm":11055,"minecraft:time_since_death":5427,"minecraft:walk_one_cm":2236,"minecraft:sneak_time":52,"minecraft:climb_one_cm":692,"minecraft:total_world_time":5427,"minecraft:fall_one_cm":418,"minecraft:fly_one_cm":120761}},"DataVersion":3465}